description,file_hash,file_name,file_extension,weight
ransomware note download from fsrm.experiant.ca,,.nigra,,
ransomware note download from fsrm.experiant.ca,,*d3ad_Help.*,,
ransomware note download from fsrm.experiant.ca,,*LOCKFILE-README.hta,,
ransomware note download from fsrm.experiant.ca,,.pause,,
ransomware note download from fsrm.experiant.ca,,*@disroot.org*,,
ransomware note download from fsrm.experiant.ca,,*_HD,,
ransomware note download from fsrm.experiant.ca,,*mlagham.exe,,
ransomware note download from fsrm.experiant.ca,,*@criptext.com*,,
ransomware note download from fsrm.experiant.ca,,.*AgeLocker,,
ransomware note download from fsrm.experiant.ca,,*@pm.me*,,
ransomware note download from fsrm.experiant.ca,,*_out,,
ransomware note download from fsrm.experiant.ca,,*prnds,,
ransomware note download from fsrm.experiant.ca,,*CoronaCrypt*,,
ransomware note download from fsrm.experiant.ca,,*SpartCrypt*,,
ransomware note download from fsrm.experiant.ca,,*wifi*hacker*,,
ransomware note download from fsrm.experiant.ca,,*unluckyware*,,
ransomware note download from fsrm.experiant.ca,,*@*.banks*,,
ransomware note download from fsrm.experiant.ca,,.111111,,
ransomware note download from fsrm.experiant.ca,,*@rape.lol*,,
ransomware note download from fsrm.experiant.ca,,.restoreserver,,
ransomware note download from fsrm.experiant.ca,,.KEY0004,,
ransomware note download from fsrm.experiant.ca,,.dec,,
ransomware note download from fsrm.experiant.ca,,.arrepiante,,
ransomware note download from fsrm.experiant.ca,,.SARS-CoV-2,,
ransomware note download from fsrm.experiant.ca,,MZReverenge*,,
ransomware note download from fsrm.experiant.ca,,*Rec0very*,,
ransomware note download from fsrm.experiant.ca,,*FDFK*INFO*,,
ransomware note download from fsrm.experiant.ca,,*kremez*,,
ransomware note download from fsrm.experiant.ca,,Ransom*Software*.exe,,
ransomware note download from fsrm.experiant.ca,,.dglnl,,
ransomware note download from fsrm.experiant.ca,,.ohwqg,,
ransomware note download from fsrm.experiant.ca,,.googl,,
ransomware note download from fsrm.experiant.ca,,.hets,,
ransomware note download from fsrm.experiant.ca,,.KRAB,,
ransomware note download from fsrm.experiant.ca,,*qibfmkeM5*,,
ransomware note download from fsrm.experiant.ca,,*Instraction*,,
ransomware note download from fsrm.experiant.ca,,*qweasd*,,
ransomware note download from fsrm.experiant.ca,,*@sectex*net*,,
ransomware note download from fsrm.experiant.ca,,*@cock.lu*,,
ransomware note download from fsrm.experiant.ca,,USPS_Delivery.doc,,
ransomware note download from fsrm.experiant.ca,,.cr1,,
ransomware note download from fsrm.experiant.ca,,svchostt.exe,,
ransomware note download from fsrm.experiant.ca,,*ABAT*INFO*.*,,
ransomware note download from fsrm.experiant.ca,,!how_to_unlock_your_file.txt,,
ransomware note download from fsrm.experiant.ca,,*@files.mn*,,
ransomware note download from fsrm.experiant.ca,,*structsstructs*,,
ransomware note download from fsrm.experiant.ca,,structsstructs.exe,,
ransomware note download from fsrm.experiant.ca,,FACT. 8-9-1278104.doc,,
ransomware note download from fsrm.experiant.ca,,FA_HLEH3S83AO22WO.doc,,
ransomware note download from fsrm.experiant.ca,,*RANSOMED*,,
ransomware note download from fsrm.experiant.ca,,msptermthemes.exe,,
ransomware note download from fsrm.experiant.ca,,hacked.txt,,
ransomware note download from fsrm.experiant.ca,,*msptermthemes*,,
ransomware note download from fsrm.experiant.ca,,!!!Readme!!!Help!!!.txt,,
ransomware note download from fsrm.experiant.ca,,*ENCx45cR*,,
ransomware note download from fsrm.experiant.ca,,.mike!Ransom,,
ransomware note download from fsrm.experiant.ca,,.kuub,,
ransomware note download from fsrm.experiant.ca,,#DECP_README#.rtf,,
ransomware note download from fsrm.experiant.ca,,*@tfwno.gf*,,
ransomware note download from fsrm.experiant.ca,,*tflower*,,
ransomware note download from fsrm.experiant.ca,,HILDACRYPTReadMe.html,,
ransomware note download from fsrm.experiant.ca,,GoRansom.txt,,
ransomware note download from fsrm.experiant.ca,,!_Notice_!.txt,,
ransomware note download from fsrm.experiant.ca,,chilli.exe,,
ransomware note download from fsrm.experiant.ca,,decoder.hta,,
ransomware note download from fsrm.experiant.ca,,delog.bat,,
ransomware note download from fsrm.experiant.ca,,686l0tek69-HOW-TO-DECRYPT.txt,,
ransomware note download from fsrm.experiant.ca,,ryukreadme.html,,
ransomware note download from fsrm.experiant.ca,,SGUARD-README.TXT,,
ransomware note download from fsrm.experiant.ca,,. vesrato,,
ransomware note download from fsrm.experiant.ca,,.KARLOS,,
ransomware note download from fsrm.experiant.ca,,*@cumallover.me*,,
ransomware note download from fsrm.experiant.ca,,NEWS_INGiBiToR.txt,,
ransomware note download from fsrm.experiant.ca,,GNNCRY_Readme.txt,,
ransomware note download from fsrm.experiant.ca,,*RT4BLOCK,,
ransomware note download from fsrm.experiant.ca,,payload.dll,,
ransomware note download from fsrm.experiant.ca,,HOW-TO-DECRYPT-FILES.HTM,,
ransomware note download from fsrm.experiant.ca,,[*]-HOW-TO-DECRYPT.txt,,
ransomware note download from fsrm.experiant.ca,,#_#ReadMe#_#.rtf,,
ransomware note download from fsrm.experiant.ca,,x5gj5_gmG8.log,,
ransomware note download from fsrm.experiant.ca,,.plomb,,
ransomware note download from fsrm.experiant.ca,,.id-*.[*@*].air,,
ransomware note download from fsrm.experiant.ca,,.bxtyunh,,
ransomware note download from fsrm.experiant.ca,,.zerofucks,,
ransomware note download from fsrm.experiant.ca,,_RESTORE FILES_.txt,,
ransomware note download from fsrm.experiant.ca,,HOW_TO_DECRYPT.txt,,
ransomware note download from fsrm.experiant.ca,,.megac0rtx,,
ransomware note download from fsrm.experiant.ca,,.[ogorman.linoel@aol.com].help,,
ransomware note download from fsrm.experiant.ca,,.6vr378txi,,
ransomware note download from fsrm.experiant.ca,,JSWORM-DECRYPT.hta,,
ransomware note download from fsrm.experiant.ca,,les#.TXT,,
ransomware note download from fsrm.experiant.ca,,*ymayka-email@yahoo.com.cryptotes,,
ransomware note download from fsrm.experiant.ca,,*[remarkpaul77@cock.li].JSWORM,,
ransomware note download from fsrm.experiant.ca,,.codnat1,,
ransomware note download from fsrm.experiant.ca,,.codnat,,
ransomware note download from fsrm.experiant.ca,,RESTORE_HCEEM_DATA.txt,,
ransomware note download from fsrm.experiant.ca,,READ_ME.mars,,
ransomware note download from fsrm.experiant.ca,,Instructions with your files.txt,,
ransomware note download from fsrm.experiant.ca,,_CRYPTED_README.html,,
ransomware note download from fsrm.experiant.ca,,ReadME-Prodecryptor@gmail.com.txt,,
ransomware note download from fsrm.experiant.ca,,!QH24_INFO!.rtf,,
ransomware note download from fsrm.experiant.ca,,Инструкция по расшифровке.TXT,,
ransomware note download from fsrm.experiant.ca,,*.ge0l0gic_readme.txt,,
ransomware note download from fsrm.experiant.ca,,Locked.*,,
ransomware note download from fsrm.experiant.ca,,.PLUT,,
ransomware note download from fsrm.experiant.ca,,.jack,,
ransomware note download from fsrm.experiant.ca,,HowToBackFiles.txt,,
ransomware note download from fsrm.experiant.ca,,DECRYPT-FILES.html,,
ransomware note download from fsrm.experiant.ca,,!!!INSTRUCTION_RNSMW!!!.txt,,
ransomware note download from fsrm.experiant.ca,,!INSTRUCTI0NS!.TXT,,
ransomware note download from fsrm.experiant.ca,,*Decryptoroperator@qq.com,,
ransomware note download from fsrm.experiant.ca,,Decryptyourdata@qq.com,,
ransomware note download from fsrm.experiant.ca,,[Lockhelp@qq.com].Gate,,
ransomware note download from fsrm.experiant.ca,,.eth,,
ransomware note download from fsrm.experiant.ca,,.nampohyu,,
ransomware note download from fsrm.experiant.ca,,READ_ME.cube,,
ransomware note download from fsrm.experiant.ca,,HELP_BY_CROC.TXT,,
ransomware note download from fsrm.experiant.ca,,warning.txt,,
ransomware note download from fsrm.experiant.ca,,_HELP_INSTRUCTIONS_.TXT,,
ransomware note download from fsrm.experiant.ca,,*lockhelp@qq.com,,
ransomware note download from fsrm.experiant.ca,,ENCRYPTED.TXT,,
ransomware note download from fsrm.experiant.ca,,README_LOCKED.txt,,
ransomware note download from fsrm.experiant.ca,,README-NOW.txt,,
ransomware note download from fsrm.experiant.ca,,*[p4d@tuta.io].com,,
ransomware note download from fsrm.experiant.ca,,*.инструкция по оплате.txt,,
ransomware note download from fsrm.experiant.ca,,---README---.TXT,,
ransomware note download from fsrm.experiant.ca,,Restore_ICPICP_Files.txt,,
ransomware note download from fsrm.experiant.ca,,HOW-TO-RESTORE-FILES.txt,,
ransomware note download from fsrm.experiant.ca,,!#_How_to_decrypt_files_$!.txt,,
ransomware note download from fsrm.experiant.ca,,_如何解密我的文件_.txt,,
ransomware note download from fsrm.experiant.ca,,How to decrypt.txt,,
ransomware note download from fsrm.experiant.ca,,HOW TO DECRYPT[1T0tO].txt,,
ransomware note download from fsrm.experiant.ca,,!_!email__ prusa@goat.si __!..PAYMAN,,
ransomware note download from fsrm.experiant.ca,,!SBLOCK_INFO!.rtf,,
ransomware note download from fsrm.experiant.ca,,инструкция по оплате.txt,,
ransomware note download from fsrm.experiant.ca,,how_to_recver_files.txt,,
ransomware note download from fsrm.experiant.ca,,!#_How_to_decrypt_files_#!,,
ransomware note download from fsrm.experiant.ca,,SECURITY-ISSUE-INFO.txt,,
ransomware note download from fsrm.experiant.ca,,! ПРОЧТИ МЕНЯ !.html,,
ransomware note download from fsrm.experiant.ca,,!GBLOCK_INFO.rtf,,
ransomware note download from fsrm.experiant.ca,,!PEDANt_INFO!.rtf,,
ransomware note download from fsrm.experiant.ca,,#HELP-DECRYPT-FCRYPT1.1#.txt,,
ransomware note download from fsrm.experiant.ca,,ClopReadMe.txt,,
ransomware note download from fsrm.experiant.ca,,!!!READ_IT!!!.txt,,
ransomware note download from fsrm.experiant.ca,,Readme_Restore_Files.txt,,
ransomware note download from fsrm.experiant.ca,,Your files are now encrypted.txt,,
ransomware note download from fsrm.experiant.ca,,HOW_TO_DECRYPT_MY_FILES.txt,,
ransomware note download from fsrm.experiant.ca,,*adobe.gefest,,
ransomware note download from fsrm.experiant.ca,,CRYPTOID_*,,
ransomware note download from fsrm.experiant.ca,,TrumpHead.exe,,
ransomware note download from fsrm.experiant.ca,,!README_GRHAN!.rtf,,
ransomware note download from fsrm.experiant.ca,,anatova.txt,,
ransomware note download from fsrm.experiant.ca,,anatova.exe,,
ransomware note download from fsrm.experiant.ca,,170fb7438316.exe,,
ransomware note download from fsrm.experiant.ca,,CallOfCthulhu.exe,,
ransomware note download from fsrm.experiant.ca,,*[gomer_simpson2@aol.com].phobos,,
ransomware note download from fsrm.experiant.ca,,*djvuu,,
ransomware note download from fsrm.experiant.ca,,*{alexbanan@tuta.io}.CORP,,
ransomware note download from fsrm.experiant.ca,,.[ti_kozel@lashbania.tv].*,,
ransomware note download from fsrm.experiant.ca,,#RECOVERY_FILES#.txt,,
ransomware note download from fsrm.experiant.ca,,*id-.LyaS,,
ransomware note download from fsrm.experiant.ca,,$%%! NOTE ABOUT FILES -=!-.html,,
ransomware note download from fsrm.experiant.ca,,*__{}.VACv2,,
ransomware note download from fsrm.experiant.ca,,*[decryptdata@qq.com].rar,,
ransomware note download from fsrm.experiant.ca,,cmdRansomware.*,,
ransomware note download from fsrm.experiant.ca,,#RECOVERY_FILES#.*,,
ransomware note download from fsrm.experiant.ca,,_How to restore files.*,,
ransomware note download from fsrm.experiant.ca,,_How_To_Decrypt_My_File_.*,,
ransomware note download from fsrm.experiant.ca,,*snowpicnic*,,
ransomware note download from fsrm.experiant.ca,,*SIMMYWARE*,,
ransomware note download from fsrm.experiant.ca,,how to get back you files.txt,,
ransomware note download from fsrm.experiant.ca,,aboutYourFiles.*,,
ransomware note download from fsrm.experiant.ca,,*wall.i,,
ransomware note download from fsrm.experiant.ca,,#RECOVERY-PC#.*,,
ransomware note download from fsrm.experiant.ca,,!-GET_MY_FILES-!.*,,
ransomware note download from fsrm.experiant.ca,,@_RESTORE-FILES_@.*,,
ransomware note download from fsrm.experiant.ca,,TOTALLYLEGIT.EXE,,
ransomware note download from fsrm.experiant.ca,,!!!ReadMeToDecrypt.txt,,
ransomware note download from fsrm.experiant.ca,,#README_GMAN#.rtf,,
ransomware note download from fsrm.experiant.ca,,!README_GMAN!.rtf,,
ransomware note download from fsrm.experiant.ca,,52036F92.tmp,,
ransomware note download from fsrm.experiant.ca,,(encrypted)*,,
ransomware note download from fsrm.experiant.ca,,*zn2016,,
ransomware note download from fsrm.experiant.ca,,#HOW_DECRYPT_FILES#.html,,
ransomware note download from fsrm.experiant.ca,,!back_files!.html,,
ransomware note download from fsrm.experiant.ca,,HOW_DECRYPT_FILES#.html,,
ransomware note download from fsrm.experiant.ca,,HOW TO RECOVER ENCRYPTED FILES-infovip@airmail.cc.TXT,,
ransomware note download from fsrm.experiant.ca,,READ_TO_DECRYPT.html,,
ransomware note download from fsrm.experiant.ca,,*[Beamsell@qq.com].bip,,
ransomware note download from fsrm.experiant.ca,,*[files.restore@aol.com].write,,
ransomware note download from fsrm.experiant.ca,,#NEWRAR_README#.rtf,,
ransomware note download from fsrm.experiant.ca,,Files encrypted.html,,
ransomware note download from fsrm.experiant.ca,,*[java2018@tuta io].arrow,,
ransomware note download from fsrm.experiant.ca,,!OoopsYourFilesLocked!.rtf,,
ransomware note download from fsrm.experiant.ca,,*[RELOCK001@TUTA.IO],,
ransomware note download from fsrm.experiant.ca,,How To Restore Files.txt,,
ransomware note download from fsrm.experiant.ca,,Info.hta,,
ransomware note download from fsrm.experiant.ca,,FILES ENCRYPTED.txt,,
ransomware note download from fsrm.experiant.ca,,YOU_MUST_READ_ME.rtf,,
ransomware note download from fsrm.experiant.ca,,*How to Decrypt Files-*.html,,
ransomware note download from fsrm.experiant.ca,,*@LOCKED,,
ransomware note download from fsrm.experiant.ca,,*-DECRYPT.txt,,
ransomware note download from fsrm.experiant.ca,,ReadMe_Decryptor.txt,,
ransomware note download from fsrm.experiant.ca,,!_HOW_RECOVERY_FILES_!.txt,,
ransomware note download from fsrm.experiant.ca,,READ__IT.txt,,
ransomware note download from fsrm.experiant.ca,,*-DECRYPT.html,,
ransomware note download from fsrm.experiant.ca,,*[shivamana@seznam.cz].pip,,
ransomware note download from fsrm.experiant.ca,,How To Decode Files.hta,,
ransomware note download from fsrm.experiant.ca,,# How to Decrypt Files.txt,,
ransomware note download from fsrm.experiant.ca,,*-Lock.onion,,
ransomware note download from fsrm.experiant.ca,,!=How_to_decrypt_files=!.txt,,
ransomware note download from fsrm.experiant.ca,,*0nl1ne*,,
ransomware note download from fsrm.experiant.ca,,*king_ouroboros*,,
ransomware note download from fsrm.experiant.ca,,*[qmqtt@protonmail.ch].HRM,,
ransomware note download from fsrm.experiant.ca,,*[qrrqtt@protonmail.ch].HRM,,
ransomware note download from fsrm.experiant.ca,,FILES.TXT,,
ransomware note download from fsrm.experiant.ca,,*@cock.email,,
ransomware note download from fsrm.experiant.ca,,RESTORE-SIGRUN.*,,
ransomware note download from fsrm.experiant.ca,,*id-*.BI_ID,,
ransomware note download from fsrm.experiant.ca,,filesinfo.txt,,
ransomware note download from fsrm.experiant.ca,,!!!!RESTORE_FILES!!!.txt,,
ransomware note download from fsrm.experiant.ca,,Decoding help.hta,,
ransomware note download from fsrm.experiant.ca,,HOW DECRIPT FILES.hta,,
ransomware note download from fsrm.experiant.ca,,*@tutanota.com],,
ransomware note download from fsrm.experiant.ca,,*@tuta.io],,
ransomware note download from fsrm.experiant.ca,,Perfect.sys,,
ransomware note download from fsrm.experiant.ca,,UselessDisk.exe,,
ransomware note download from fsrm.experiant.ca,,wormDll*.dll,,
ransomware note download from fsrm.experiant.ca,,ScreenLocker_x86.dll,,
ransomware note download from fsrm.experiant.ca,,SsExecutor_x86.exe,,
ransomware note download from fsrm.experiant.ca,,Spreader_x86.dll,,
ransomware note download from fsrm.experiant.ca,,tabDll*.dll,,
ransomware note download from fsrm.experiant.ca,,Zenis-*.*,,
ransomware note download from fsrm.experiant.ca,,0000-SORRY-FOR-FILES.html,,
ransomware note download from fsrm.experiant.ca,,READ_ME_HELP.png,,
ransomware note download from fsrm.experiant.ca,,READ_ME_HELP.txt,,
ransomware note download from fsrm.experiant.ca,,Zenis-Instructions.html,,
ransomware note download from fsrm.experiant.ca,,*@adsoleware.com*,,
ransomware note download from fsrm.experiant.ca,,_XiaoBa_Info_.hta,,
ransomware note download from fsrm.experiant.ca,,*BlockBax*,,
ransomware note download from fsrm.experiant.ca,,ownertrust.txt,,
ransomware note download from fsrm.experiant.ca,,qwerty-pub.key,,
ransomware note download from fsrm.experiant.ca,,Restore Files.TxT,,
ransomware note download from fsrm.experiant.ca,,*[ignatevv330@gmail.com].java,,
ransomware note download from fsrm.experiant.ca,,*fuga139gh@dr.com*,,
ransomware note download from fsrm.experiant.ca,,matrix-readme.rtf,,
ransomware note download from fsrm.experiant.ca,,WhatHappenedWithFiles.rtf,,
ransomware note download from fsrm.experiant.ca,,WhatHappenedWithMyFiles.rtf,,
ransomware note download from fsrm.experiant.ca,,Readme-Matrix.rtf,,
ransomware note download from fsrm.experiant.ca,,#_#WhatWrongWithMyFiles#_#.rtf,,
ransomware note download from fsrm.experiant.ca,,*_[LINERSMIK@NAVER.COM][JINNYG@TUTANOTA,,
ransomware note download from fsrm.experiant.ca,,*ReadMe_Decryptor.txt,,
ransomware note download from fsrm.experiant.ca,,.[decryptor@cock.li].dcrtr,,
ransomware note download from fsrm.experiant.ca,,_READ_ME_FOR_DECRYPT.txt,,
ransomware note download from fsrm.experiant.ca,,*aes_ni_gov,,
ransomware note download from fsrm.experiant.ca,,Wo_sind_meine_Dateien.htm*,,
ransomware note download from fsrm.experiant.ca,,*].block,,
ransomware note download from fsrm.experiant.ca,,!!!GetBackData!!!.txt,,
ransomware note download from fsrm.experiant.ca,,allcry_upx.exe,,
ransomware note download from fsrm.experiant.ca,,*-PLIIKI.txt,,
ransomware note download from fsrm.experiant.ca,,dispci.exe,,
ransomware note download from fsrm.experiant.ca,,cscc.dat,,
ransomware note download from fsrm.experiant.ca,,infpub.dat,,
ransomware note download from fsrm.experiant.ca,,LEIA_ME.txt,,
ransomware note download from fsrm.experiant.ca,,!____________DESKRYPT@TUTAMAIL.COM________.rar,,
ransomware note download from fsrm.experiant.ca,,How_Decrypt_Files.hta,,
ransomware note download from fsrm.experiant.ca,,READ_ME_FOR_DECRYPT_*.txt,,
ransomware note download from fsrm.experiant.ca,,!! RETURN FILES !!.txt,,
ransomware note download from fsrm.experiant.ca,,005-DO-YOU-WANT-FILES.html,,
ransomware note download from fsrm.experiant.ca,,_RECoVERY_+*.*,,
ransomware note download from fsrm.experiant.ca,,READ_THIS_FILE_1.TXT,,
ransomware note download from fsrm.experiant.ca,,*..txt,,
ransomware note download from fsrm.experiant.ca,,RESTORE_INFO-*.txt,,
ransomware note download from fsrm.experiant.ca,,Important_Read_Me.txt,,
ransomware note download from fsrm.experiant.ca,,TUTORIEL.bmp,,
ransomware note download from fsrm.experiant.ca,,lukitus.html,,
ransomware note download from fsrm.experiant.ca,,diablo6-*.htm,,
ransomware note download from fsrm.experiant.ca,,!## DECRYPT FILES ##!.txt,,
ransomware note download from fsrm.experiant.ca,,ebay-msg.html,,
ransomware note download from fsrm.experiant.ca,,ebay_was_here,,
ransomware note download from fsrm.experiant.ca,,RECOVER-FILES.html,,
ransomware note download from fsrm.experiant.ca,,READ_ME_ASAP.txt,,
ransomware note download from fsrm.experiant.ca,,_iWasHere.txt,,
ransomware note download from fsrm.experiant.ca,,!!!SAVE YOUR FILES!.bmp,,
ransomware note download from fsrm.experiant.ca,,!!!!!SAVE YOUR FILES!!!!.txt,,
ransomware note download from fsrm.experiant.ca,,@decrypt_your_files.txt,,
ransomware note download from fsrm.experiant.ca,,HowToDecryptIMPORTANT!.txt,,
ransomware note download from fsrm.experiant.ca,,"IF YOU WANT TO GET ALL YOUR FILES BACK, PLEASE READ THIS.TXT",,
ransomware note download from fsrm.experiant.ca,,Instruction for file recovery.txt,,
ransomware note download from fsrm.experiant.ca,,_HELP_INSTRUCTION.TXT,,
ransomware note download from fsrm.experiant.ca,,*id-*_[*@*.*].*,,
ransomware note download from fsrm.experiant.ca,,Ransom.rtf,,
ransomware note download from fsrm.experiant.ca,,_INTERESTING_INFORMACION_FOR_DECRYPT.TXT,,
ransomware note download from fsrm.experiant.ca,,RESTORE-.-FILES.txt,,
ransomware note download from fsrm.experiant.ca,,dllhost.dat,,
ransomware note download from fsrm.experiant.ca,,FE04.tmp,,
ransomware note download from fsrm.experiant.ca,,027cc450ef5f8c5f653329641ec1fed9*.*,,
ransomware note download from fsrm.experiant.ca,,petwrap.exe,,
ransomware note download from fsrm.experiant.ca,,File_Encryption_Notice.txt,,
ransomware note download from fsrm.experiant.ca,,Paxynok.html,,
ransomware note download from fsrm.experiant.ca,,Tempimage.jpg,,
ransomware note download from fsrm.experiant.ca,,WannaCry.TXT,,
ransomware note download from fsrm.experiant.ca,,your_key.rsa,,
ransomware note download from fsrm.experiant.ca,,OkuBeni.txt,,
ransomware note download from fsrm.experiant.ca,,*@*.blocking,,
ransomware note download from fsrm.experiant.ca,,StrutterGear.exe,,
ransomware note download from fsrm.experiant.ca,,ReadMe_Important.txt,,
ransomware note download from fsrm.experiant.ca,,Sifre_Coz_Talimat.html,,
ransomware note download from fsrm.experiant.ca,,!READ.htm,,
ransomware note download from fsrm.experiant.ca,,!_ИНСТРУКЦИЯ_!.txt,,
ransomware note download from fsrm.experiant.ca,,IF_YOU_WANT_TO_GET_ALL_YOUR_FILES_BACK_PLEASE_READ_THIS.TXT,,
ransomware note download from fsrm.experiant.ca,,#HOW_TO_UNRIP#.txt,,
ransomware note download from fsrm.experiant.ca,,* .tdelf,,
ransomware note download from fsrm.experiant.ca,,mood-ravishing-hd-wallpaper-142943312215.jpg,,
ransomware note download from fsrm.experiant.ca,,Blooper.exe,,
ransomware note download from fsrm.experiant.ca,,SintaLocker.exe,,
ransomware note download from fsrm.experiant.ca,,SintaRun.py,,
ransomware note download from fsrm.experiant.ca,,HOW TO RECOVER ENCRYPTED FILES.TXT,,
ransomware note download from fsrm.experiant.ca,,README_FOR_DECRYPT.txt,,
ransomware note download from fsrm.experiant.ca,,READ_DECRYPT_FILES.txt,,
ransomware note download from fsrm.experiant.ca,,Read me for help thanks.txt,,
ransomware note download from fsrm.experiant.ca,,help_to_decrypt.txt,,
ransomware note download from fsrm.experiant.ca,,AArI.jpg,,
ransomware note download from fsrm.experiant.ca,,*-webmafia@asia.com_donald@trampo.info,,
ransomware note download from fsrm.experiant.ca,,DECRYPTION.TXT,,
ransomware note download from fsrm.experiant.ca,,Restore_maysomware_files.html,,
ransomware note download from fsrm.experiant.ca,,how_to_back_files.html,,
ransomware note download from fsrm.experiant.ca,,Galaperidol.exe,,
ransomware note download from fsrm.experiant.ca,,HOW_CAN_I_DECRYPT_MY_FILES.txt,,
ransomware note download from fsrm.experiant.ca,,Hello There! Fellow @kee User!.txt,,
ransomware note download from fsrm.experiant.ca,,Restore_your_files.txt,,
ransomware note download from fsrm.experiant.ca,,READ_ME.html,,
ransomware note download from fsrm.experiant.ca,,!#_DECRYPT_#!.inf,,
ransomware note download from fsrm.experiant.ca,,!Please Read Me!.txt,,
ransomware note download from fsrm.experiant.ca,,!WannaDecryptor!.exe.lnk,,
ransomware note download from fsrm.experiant.ca,,WannaCrypt 4.0.exe,,
ransomware note download from fsrm.experiant.ca,,t.wry,,
ransomware note download from fsrm.experiant.ca,,tor.exe,,
ransomware note download from fsrm.experiant.ca,,tasksche.exe,,
ransomware note download from fsrm.experiant.ca,,wcry.zip,,
ransomware note download from fsrm.experiant.ca,,taskhsvc.exe,,
ransomware note download from fsrm.experiant.ca,,taskse.exe,,
ransomware note download from fsrm.experiant.ca,,taskdl.exe,,
ransomware note download from fsrm.experiant.ca,,wcry.exe,,
ransomware note download from fsrm.experiant.ca,,Wannacry.exe,,
ransomware note download from fsrm.experiant.ca,,@WanaDecryptor@.*,,
ransomware note download from fsrm.experiant.ca,,*.LOCKED.txt,,
ransomware note download from fsrm.experiant.ca,,RESTORE-12345-FILES.TXT,,
ransomware note download from fsrm.experiant.ca,,loptr-*.htm,,
ransomware note download from fsrm.experiant.ca,,@Please_Read_Me@.txt,,
ransomware note download from fsrm.experiant.ca,,_!!!_README_!!!_*,,
ransomware note download from fsrm.experiant.ca,,_!!!_README_!!!_*_.hta,,
ransomware note download from fsrm.experiant.ca,,_!!!_README_!!!_*_ .txt,,
ransomware note download from fsrm.experiant.ca,,HOW_TO_DECRYPT_FILES.html,,
ransomware note download from fsrm.experiant.ca,,DECRYPT_INFO.txt,,
ransomware note download from fsrm.experiant.ca,,Cversions.2.db,,
ransomware note download from fsrm.experiant.ca,,ReadME_Decrypt_Help_*.html,,
ransomware note download from fsrm.experiant.ca,,* .vCrypt1,,
ransomware note download from fsrm.experiant.ca,,zcrypt.exe,,
ransomware note download from fsrm.experiant.ca,,*_luck,,
ransomware note download from fsrm.experiant.ca,,#_RESTORING_FILES_#.TXT,,
ransomware note download from fsrm.experiant.ca,,RESTORE_FILES.HTML,,
ransomware note download from fsrm.experiant.ca,,HOW_RETURN_FILES.TXT,,
ransomware note download from fsrm.experiant.ca,,NOTE;!!!-ODZYSKAJ-PLIKI-!!!.TXT,,
ransomware note download from fsrm.experiant.ca,,INSTRUCTION_FOR_HELPING_FILE_RECOVERY.txt,,
ransomware note download from fsrm.experiant.ca,,DesktopOsiris.*,,
ransomware note download from fsrm.experiant.ca,,OSIRIS-*.*,,
ransomware note download from fsrm.experiant.ca,,redchip2.exe,,
ransomware note download from fsrm.experiant.ca,,ATLAS_FILES.txt,,
ransomware note download from fsrm.experiant.ca,,READ_IT_FOR_GET_YOUR_FILE.txt,,
ransomware note download from fsrm.experiant.ca,,!!! READ THIS - IMPORTANT !!!.txt,,
ransomware note download from fsrm.experiant.ca,,PAYMENT-INSTRUCTIONS.TXT,,
ransomware note download from fsrm.experiant.ca,,009-READ-FOR-DECCCC-FILESSS.html,,
ransomware note download from fsrm.experiant.ca,,_READ_THI$_FILE_*,,
ransomware note download from fsrm.experiant.ca,,!Decrypt-All-Files-*.txt,,
ransomware note download from fsrm.experiant.ca,,0_HELP_DECRYPT_FILES.HTM,,
ransomware note download from fsrm.experiant.ca,,HUR_DEKRYPTERA_FILER.html,,
ransomware note download from fsrm.experiant.ca,,HUR_DEKRYPTERA_FILER.txt,,
ransomware note download from fsrm.experiant.ca,,Recupere seus arquivos aqui.txt,,
ransomware note download from fsrm.experiant.ca,,READ TO UNLOCK FILES.salsa.*.html,,
ransomware note download from fsrm.experiant.ca,,How Decrypt My Files.lnk,,
ransomware note download from fsrm.experiant.ca,,How_Decrypt_My_Files,,
ransomware note download from fsrm.experiant.ca,,READ ME ABOUT DECRYPTION.txt,,
ransomware note download from fsrm.experiant.ca,,*_READ_THIS_FILE_*_*,,
ransomware note download from fsrm.experiant.ca,,*drakosho_new@aol.com*,,
ransomware note download from fsrm.experiant.ca,,OKU.TXT,,
ransomware note download from fsrm.experiant.ca,,ZINO_NOTE.TXT,,
ransomware note download from fsrm.experiant.ca,,HOW_TO_FIX_!.TXT,,
ransomware note download from fsrm.experiant.ca,,!!!READ_TO_UNLOCK!!!.TXT,,
ransomware note download from fsrm.experiant.ca,,Crytp0l0cker.Upack.dll,,
ransomware note download from fsrm.experiant.ca,,Crytp0l0cker.dll,,
ransomware note download from fsrm.experiant.ca,,Crytp0l0cker.exe,,
ransomware note download from fsrm.experiant.ca,,decrypted_files.dat,,
ransomware note download from fsrm.experiant.ca,,padcryptUninstaller.exe,,
ransomware note download from fsrm.experiant.ca,,PadCrypt.exe,,
ransomware note download from fsrm.experiant.ca,,Vape Launcher.exe,,
ransomware note download from fsrm.experiant.ca,,READ_ME_!.txt,,
ransomware note download from fsrm.experiant.ca,,Aescrypt.exe,,
ransomware note download from fsrm.experiant.ca,,IF_WANT_FILES_BACK_PLS_READ.html,,
ransomware note download from fsrm.experiant.ca,,_HELP_HELP_HELP_*,,
ransomware note download from fsrm.experiant.ca,,zXz.html,,
ransomware note download from fsrm.experiant.ca,,VictemKey_*_*,,
ransomware note download from fsrm.experiant.ca,,HVORDAN_DU_GENDANNER_FILER.html,,
ransomware note download from fsrm.experiant.ca,,HVORDAN_DU_GENDANNER_FILER.txt,,
ransomware note download from fsrm.experiant.ca,,HELP_ME_PLEASE.txt,,
ransomware note download from fsrm.experiant.ca,,!_RECOVERY_HELP_!.txt,,
ransomware note download from fsrm.experiant.ca,,PLEASE-READIT-IF_YOU-WANT.html,,
ransomware note download from fsrm.experiant.ca,,COME_RIPRISTINARE_I_FILE.*,,
ransomware note download from fsrm.experiant.ca,,fattura_*.js,,
ransomware note download from fsrm.experiant.ca,,*_steaveiwalker@india.com_,,
ransomware note download from fsrm.experiant.ca,,COMO_ABRIR_ARQUIVOS.txt,,
ransomware note download from fsrm.experiant.ca,,*info@kraken.cc_worldcza@email.cz,,
ransomware note download from fsrm.experiant.ca,,COMO_RESTAURAR_ARCHIVOS.txt,,
ransomware note download from fsrm.experiant.ca,,COMO_RESTAURAR_ARCHIVOS.html,,
ransomware note download from fsrm.experiant.ca,,damage@india.com*,,
ransomware note download from fsrm.experiant.ca,,What happen to my files.txt,,
ransomware note download from fsrm.experiant.ca,,ASSISTANCE_IN_RECOVERY.txt,,
ransomware note download from fsrm.experiant.ca,,#_DECRYPT_ASSISTANCE_#.txt,,
ransomware note download from fsrm.experiant.ca,,_HELP_HELP_HELP_*.hta,,
ransomware note download from fsrm.experiant.ca,,_HELP_HELP_HELP_*.jpg,,
ransomware note download from fsrm.experiant.ca,,BTC_DECRYPT_FILES.txt,,
ransomware note download from fsrm.experiant.ca,,READ-READ-READ.html,,
ransomware note download from fsrm.experiant.ca,,[KASISKI]*,,
ransomware note download from fsrm.experiant.ca,,INSTRUCCIONES.txt,,
ransomware note download from fsrm.experiant.ca,,@_USE_TO_FIX_*.txt,,
ransomware note download from fsrm.experiant.ca,,001-READ-FOR-DECRYPT-FILES.html,,
ransomware note download from fsrm.experiant.ca,,DECRYPT_INFORMATION.html,,
ransomware note download from fsrm.experiant.ca,,Rans0m_N0te_Read_ME.txt,,
ransomware note download from fsrm.experiant.ca,,email-vpupkin3@aol.com*,,
ransomware note download from fsrm.experiant.ca,,*HERMES,,
ransomware note download from fsrm.experiant.ca,,[amanda_sofost@india.com].wallet,,
ransomware note download from fsrm.experiant.ca,,_DECRYPT_INFO_szesnl.html,,
ransomware note download from fsrm.experiant.ca,,000-IF-YOU-WANT-DEC-FILES.html,,
ransomware note download from fsrm.experiant.ca,,MERRY_I_LOVE_YOU_BRUCE.hta,,
ransomware note download from fsrm.experiant.ca,,How decrypt files.hta,,
ransomware note download from fsrm.experiant.ca,,unCrypte@outlook.com*,,
ransomware note download from fsrm.experiant.ca,,decipher_ne@outlook.com*,,
ransomware note download from fsrm.experiant.ca,,TRY-READ-ME-TO-DEC.html,,
ransomware note download from fsrm.experiant.ca,,EMAIL_*_recipient.zip,,
ransomware note download from fsrm.experiant.ca,,*garryweber@protonmail.ch,,
ransomware note download from fsrm.experiant.ca,,LEER_INMEDIATAMENTE.txt,,
ransomware note download from fsrm.experiant.ca,,000-No-PROBLEM-WE-DEC-FILES.html,,
ransomware note download from fsrm.experiant.ca,,WE-MUST-DEC-FILES.html,,
ransomware note download from fsrm.experiant.ca,,*bingo@opensourcemail.org,,
ransomware note download from fsrm.experiant.ca,,READ_ME_TO_DECRYPT_YOU_INFORMA.jjj,,
ransomware note download from fsrm.experiant.ca,,file0locked.js,,
ransomware note download from fsrm.experiant.ca,,CryptoRansomware.exe,,
ransomware note download from fsrm.experiant.ca,,_HELP_Recover_Files_.html,,
ransomware note download from fsrm.experiant.ca,,*-filesencrypted.html,,
ransomware note download from fsrm.experiant.ca,,decrypt_Globe*.exe,,
ransomware note download from fsrm.experiant.ca,,DecryptFile.txt,,
ransomware note download from fsrm.experiant.ca,,NFS-e*1025-7152.exe,,
ransomware note download from fsrm.experiant.ca,,firstransomware.exe,,
ransomware note download from fsrm.experiant.ca,,HELP-ME-ENCED-FILES.html,,
ransomware note download from fsrm.experiant.ca,,*EdgeLocker*.exe,,
ransomware note download from fsrm.experiant.ca,,YOUR_FILES_ARE_DEAD.hta,,
ransomware note download from fsrm.experiant.ca,,*[cryptsvc@mail.ru].*,,
ransomware note download from fsrm.experiant.ca,,WHERE-YOUR-FILES.html,,
ransomware note download from fsrm.experiant.ca,,*opentoyou@india.com,,
ransomware note download from fsrm.experiant.ca,,C-email-*-*.odcodc,,
ransomware note download from fsrm.experiant.ca,,_*_README.hta,,
ransomware note download from fsrm.experiant.ca,,_*_README.jpg,,
ransomware note download from fsrm.experiant.ca,,HOW_OPEN_FILES.hta,,
ransomware note download from fsrm.experiant.ca,,GJENOPPRETTING_AV_FILER.html,,
ransomware note download from fsrm.experiant.ca,,GJENOPPRETTING_AV_FILER.txt,,
ransomware note download from fsrm.experiant.ca,,!!! HOW TO DECRYPT FILES !!!.txt,,
ransomware note download from fsrm.experiant.ca,,INSTRUCTION RESTORE FILE.TXT,,
ransomware note download from fsrm.experiant.ca,,Survey Locker.exe,,
ransomware note download from fsrm.experiant.ca,,!!!!!ATENÇÃO!!!!!.html,,
ransomware note download from fsrm.experiant.ca,,Receipt.exe,,
ransomware note download from fsrm.experiant.ca,,WindowsApplication1.exe,,
ransomware note download from fsrm.experiant.ca,,HWID Lock.exe,,
ransomware note download from fsrm.experiant.ca,,VIP72.exe,,
ransomware note download from fsrm.experiant.ca,,DALE_FILES.TXT,,
ransomware note download from fsrm.experiant.ca,,HOW_TO_RESTORE_YOUR_DATA.html,,
ransomware note download from fsrm.experiant.ca,,RESTORE_CORUPTED_FILES.HTML,,
ransomware note download from fsrm.experiant.ca,,READ@My.txt,,
ransomware note download from fsrm.experiant.ca,,Cyber SpLiTTer Vbs.exe,,
ransomware note download from fsrm.experiant.ca,,000-PLEASE-READ-WE-HELP.html,,
ransomware note download from fsrm.experiant.ca,,popcorn_time.exe,,
ransomware note download from fsrm.experiant.ca,,*_.rmd,,
ransomware note download from fsrm.experiant.ca,,OSIRIS-*.htm,,
ransomware note download from fsrm.experiant.ca,,DesktopOsiris.htm,,
ransomware note download from fsrm.experiant.ca,,*[cryptservice@inbox.ru]*,,
ransomware note download from fsrm.experiant.ca,,bahij2@india.com,,
ransomware note download from fsrm.experiant.ca,,Important!.txt,,
ransomware note download from fsrm.experiant.ca,,!_HOW_TO_RESTORE_*.txt,,
ransomware note download from fsrm.experiant.ca,,HOW_TO_RESTORE_FILES.txt,,
ransomware note download from fsrm.experiant.ca,,_README_*.hta,,
ransomware note download from fsrm.experiant.ca,,*[lavandos@dr.com].wallet,,
ransomware note download from fsrm.experiant.ca,,_README_.hta,,
ransomware note download from fsrm.experiant.ca,,Runsome.exe,,
ransomware note download from fsrm.experiant.ca,,Payment_Advice.mht,,
ransomware note download from fsrm.experiant.ca,,lblBitcoinInfoMain.txt,,
ransomware note download from fsrm.experiant.ca,,lblFinallyText.txt,,
ransomware note download from fsrm.experiant.ca,,lblMain.txt,,
ransomware note download from fsrm.experiant.ca,,How to decrypt your files.jpg,,
ransomware note download from fsrm.experiant.ca,,How to decrypt your files.txt,,
ransomware note download from fsrm.experiant.ca,,How to get data back.txt,,
ransomware note download from fsrm.experiant.ca,,xort.txt,,
ransomware note download from fsrm.experiant.ca,,DOSYALARINIZA ULAŞMAK İÇİN AÇINIZ.html,,
ransomware note download from fsrm.experiant.ca,,HOWTO_RECOVER_FILES_*.TXT,,
ransomware note download from fsrm.experiant.ca,,HELP_RESTORE_FILES_*.TXT,,
ransomware note download from fsrm.experiant.ca,,Recovery+*.html,,
ransomware note download from fsrm.experiant.ca,,Recovery+*.txt,,
ransomware note download from fsrm.experiant.ca,,_H_e_l_p_RECOVER_INSTRUCTIONS+*.png,,
ransomware note download from fsrm.experiant.ca,,_H_e_l_p_RECOVER_INSTRUCTIONS+*.html,,
ransomware note download from fsrm.experiant.ca,,help_recover_instructions+*.html,,
ransomware note download from fsrm.experiant.ca,,help_recover_instructions+*.BMP,,
ransomware note download from fsrm.experiant.ca,,_how_recover+*.html,,
ransomware note download from fsrm.experiant.ca,,_how_recover+*.txt,,
ransomware note download from fsrm.experiant.ca,,ThxForYurTyme.txt,,
ransomware note download from fsrm.experiant.ca,,_HOW_TO_Decrypt.bmp,,
ransomware note download from fsrm.experiant.ca,,_RECOVER_INSTRUCTIONS.ini,,
ransomware note download from fsrm.experiant.ca,,###-READ-FOR-HELLPP.html,,
ransomware note download from fsrm.experiant.ca,,rtext.txt,,
ransomware note download from fsrm.experiant.ca,,DECRYPTION INSTRUCTIONS.txt,,
ransomware note download from fsrm.experiant.ca,,decrypt explanations.html,,
ransomware note download from fsrm.experiant.ca,,_WHAT_is.html,,
ransomware note download from fsrm.experiant.ca,,_HOWDO_text.html,,
ransomware note download from fsrm.experiant.ca,,readme_liesmich_encryptor_raas.txt,,
ransomware note download from fsrm.experiant.ca,,_Adatok_visszaallitasahoz_utasitasok.txt,,
ransomware note download from fsrm.experiant.ca,,How to restore files.hta,,
ransomware note download from fsrm.experiant.ca,,locked.bmp,,
ransomware note download from fsrm.experiant.ca,,README_TO_RECURE_YOUR_FILES.txt,,
ransomware note download from fsrm.experiant.ca,,Your files encrypted by our friends !!!.txt,,
ransomware note download from fsrm.experiant.ca,,ATTENTION.url,,
ransomware note download from fsrm.experiant.ca,,@WARNING_FILES_ARE_ENCRYPTED.*.txt,,
ransomware note download from fsrm.experiant.ca,,README!!!.txt,,
ransomware note download from fsrm.experiant.ca,,# README.hta,,
ransomware note download from fsrm.experiant.ca,,!Recovery_*.html,,
ransomware note download from fsrm.experiant.ca,,YourID.txt,,
ransomware note download from fsrm.experiant.ca,,recover.bmp,,
ransomware note download from fsrm.experiant.ca,,recover.txt,,
ransomware note download from fsrm.experiant.ca,,README HOW TO DECRYPT YOUR FILES.HTML,,
ransomware note download from fsrm.experiant.ca,,READ_IT.txt,,
ransomware note download from fsrm.experiant.ca,,svchosd.exe,,
ransomware note download from fsrm.experiant.ca,,*_crypt,,
ransomware note download from fsrm.experiant.ca,,*_help_instruct*.*,,
ransomware note download from fsrm.experiant.ca,,*!DMAlock*,,
ransomware note download from fsrm.experiant.ca,,ransomed.html,,
ransomware note download from fsrm.experiant.ca,,*_WHAT_is.html,,
ransomware note download from fsrm.experiant.ca,,readme.hta,,
ransomware note download from fsrm.experiant.ca,,email-salazar_slytherin10@yahoo.com.ver-*.id-*-*.randomname-*,,
ransomware note download from fsrm.experiant.ca,,README_RECOVER_FILES_*.txt,,
ransomware note download from fsrm.experiant.ca,,README_RECOVER_FILES_*.png,,
ransomware note download from fsrm.experiant.ca,,README_RECOVER_FILES_*.html,,
ransomware note download from fsrm.experiant.ca,,Sarah_G@ausi.com___*,,
ransomware note download from fsrm.experiant.ca,,_*_HOWDO_text.html,,
ransomware note download from fsrm.experiant.ca,,*_HOWDO_text.bmp,,
ransomware note download from fsrm.experiant.ca,,*_HOWDO_text.html,,
ransomware note download from fsrm.experiant.ca,,zzzzzzzzzzzzzzzzzyyy,,
ransomware note download from fsrm.experiant.ca,,zycrypt.*,,
ransomware note download from fsrm.experiant.ca,,*decrypt your file*.*,,
ransomware note download from fsrm.experiant.ca,,*_nullbyte*,,
ransomware note download from fsrm.experiant.ca,,_H_e_l_p_RECOVER_INSTRUCTIONS+*.txt,,
ransomware note download from fsrm.experiant.ca,,HOW-TO-DECRYPT-FILES.HTML,,
ransomware note download from fsrm.experiant.ca,,HOW_TO_DECRYPT.HTML,,
ransomware note download from fsrm.experiant.ca,,exit.hhr.obleep,,
ransomware note download from fsrm.experiant.ca,,UnblockFiles.vbs,,
ransomware note download from fsrm.experiant.ca,,README_DECRYPT_HYDRA_ID_*.txt,,
ransomware note download from fsrm.experiant.ca,,DECRYPT_Readme.TXT.ReadMe,,
ransomware note download from fsrm.experiant.ca,,Decrypt All Files *.bmp,,
ransomware note download from fsrm.experiant.ca,,HowDecrypt.gif,,
ransomware note download from fsrm.experiant.ca,,HELP_YOURFILES.HTML,,
ransomware note download from fsrm.experiant.ca,,HOW TO DECRYPT FILES.HTML,,
ransomware note download from fsrm.experiant.ca,,BUYUNLOCKCODE,,
ransomware note download from fsrm.experiant.ca,,BitCryptorFileList.txt,,
ransomware note download from fsrm.experiant.ca,,How_to_decrypt_your_files.jpg,,
ransomware note download from fsrm.experiant.ca,,How_to_restore_files.hta,,
ransomware note download from fsrm.experiant.ca,,!readme.*,,
ransomware note download from fsrm.experiant.ca,,Como descriptografar seus arquivos.txt,,
ransomware note download from fsrm.experiant.ca,,*cerber2,,
ransomware note download from fsrm.experiant.ca,,how_to_unlock*.*,,
ransomware note download from fsrm.experiant.ca,,!Recovery_*.txt,,
ransomware note download from fsrm.experiant.ca,,Read_this_file.txt,,
ransomware note download from fsrm.experiant.ca,,ATTENTION!!!.txt,,
ransomware note download from fsrm.experiant.ca,,HELP_DECRYPT.lnk,,
ransomware note download from fsrm.experiant.ca,,how to decrypt aes files.lnk,,
ransomware note download from fsrm.experiant.ca,,restore_files.txt,,
ransomware note download from fsrm.experiant.ca,,HowDecrypt.txt,,
ransomware note download from fsrm.experiant.ca,,$RECYCLE.BIN.{*-*-*-*},,
ransomware note download from fsrm.experiant.ca,,.~,,
ransomware note download from fsrm.experiant.ca,,winclwp.jpg,,
ransomware note download from fsrm.experiant.ca,,wie_zum_Wiederherstellen_von_Dateien.txt,,
ransomware note download from fsrm.experiant.ca,,tox.html,,
ransomware note download from fsrm.experiant.ca,,strongcrypt.bmp,,
ransomware note download from fsrm.experiant.ca,,qwer2.html,,
ransomware note download from fsrm.experiant.ca,,qwer.html,,
ransomware note download from fsrm.experiant.ca,,pronk.txt,,
ransomware note download from fsrm.experiant.ca,,paycrypt.bmp,,
ransomware note download from fsrm.experiant.ca,,maxcrypt.bmp,,
ransomware note download from fsrm.experiant.ca,,how_decrypt.gif,,
ransomware note download from fsrm.experiant.ca,,how to get data.txt,,
ransomware note download from fsrm.experiant.ca,,help_recover_instructions*.txt,,
ransomware note download from fsrm.experiant.ca,,help_recover_instructions*.html,,
ransomware note download from fsrm.experiant.ca,,help_recover_instructions*.bmp,,
ransomware note download from fsrm.experiant.ca,,help-file-decrypt.enc,,
ransomware note download from fsrm.experiant.ca,,enigma_encr.txt,,
ransomware note download from fsrm.experiant.ca,,enigma.hta,,
ransomware note download from fsrm.experiant.ca,,default432643264.jpg,,
ransomware note download from fsrm.experiant.ca,,default32643264.bmp,,
ransomware note download from fsrm.experiant.ca,,decypt_your_files.html,,
ransomware note download from fsrm.experiant.ca,,de_crypt_readme.txt,,
ransomware note download from fsrm.experiant.ca,,de_crypt_readme.html,,
ransomware note download from fsrm.experiant.ca,,de_crypt_readme.bmp,,
ransomware note download from fsrm.experiant.ca,,cryptinfo.txt,,
ransomware note download from fsrm.experiant.ca,,crjoker.html,,
ransomware note download from fsrm.experiant.ca,,_how_recover*.txt,,
ransomware note download from fsrm.experiant.ca,,_how_recover*.html,,
ransomware note download from fsrm.experiant.ca,,_Locky_recover_instructions.bmp,,
ransomware note download from fsrm.experiant.ca,,_H_e_l_p_RECOVER_INSTRUCTIONS*.txt,,
ransomware note download from fsrm.experiant.ca,,_H_e_l_p_RECOVER_INSTRUCTIONS*.png,,
ransomware note download from fsrm.experiant.ca,,_H_e_l_p_RECOVER_INSTRUCTIONS*.html,,
ransomware note download from fsrm.experiant.ca,,_HELP_instructions.txt,,
ransomware note download from fsrm.experiant.ca,,_HELP_instructions.bmp,,
ransomware note download from fsrm.experiant.ca,,_DECRYPT_INFO_*.html,,
ransomware note download from fsrm.experiant.ca,,Your files encrypted by our friends !!! txt,,
ransomware note download from fsrm.experiant.ca,,Your files are locked !.txt,,
ransomware note download from fsrm.experiant.ca,,Your files are locked !!.txt,,
ransomware note download from fsrm.experiant.ca,,Your files are locked !!!.txt,,
ransomware note download from fsrm.experiant.ca,,Your files are locked !!!!.txt,,
ransomware note download from fsrm.experiant.ca,,YOUR_FILES_ARE_LOCKED.txt,,
ransomware note download from fsrm.experiant.ca,,YOUR_FILES_ARE_ENCRYPTED.TXT,,
ransomware note download from fsrm.experiant.ca,,YOUR_FILES_ARE_ENCRYPTED.HTML,,
ransomware note download from fsrm.experiant.ca,,YOUGOTHACKED.TXT,,
ransomware note download from fsrm.experiant.ca,,UNLOCK_FILES_INSTRUCTIONS.txt,,
ransomware note download from fsrm.experiant.ca,,UNLOCK_FILES_INSTRUCTIONS.html,,
ransomware note download from fsrm.experiant.ca,,SIFRE_COZME_TALIMATI.html,,
ransomware note download from fsrm.experiant.ca,,SHTODELATVAM.txt,,
ransomware note download from fsrm.experiant.ca,,Read Me (How Decrypt) !!!!.txt,,
ransomware note download from fsrm.experiant.ca,,RESTORE_FILES_*.txt,,
ransomware note download from fsrm.experiant.ca,,RESTORE_FILES_*.*,,
ransomware note download from fsrm.experiant.ca,,READ_THIS_TO_DECRYPT.html,,
ransomware note download from fsrm.experiant.ca,,README_HOW_TO_UNLOCK.TXT,,
ransomware note download from fsrm.experiant.ca,,README_HOW_TO_UNLOCK.HTML,,
ransomware note download from fsrm.experiant.ca,,README_DECRYPT_UMBRE_ID_*.txt,,
ransomware note download from fsrm.experiant.ca,,README_DECRYPT_UMBRE_ID_*.jpg,,
ransomware note download from fsrm.experiant.ca,,README_DECRYPT_HYRDA_ID_*.txt,,
ransomware note download from fsrm.experiant.ca,,READ ME FOR DECRYPT.txt,,
ransomware note download from fsrm.experiant.ca,,READ IF YOU WANT YOUR FILES BACK.html,,
ransomware note download from fsrm.experiant.ca,,Payment_Instructions.jpg,,
ransomware note download from fsrm.experiant.ca,,ONTSLEUTELINGS_INSTRUCTIES.html,,
ransomware note download from fsrm.experiant.ca,,OKSOWATHAPPENDTOYOURFILES.TXT,,
ransomware note download from fsrm.experiant.ca,,MENSAGEM.txt,,
ransomware note download from fsrm.experiant.ca,,KryptoLocker_README.txt,,
ransomware note download from fsrm.experiant.ca,,Instructionaga.txt,,
ransomware note download from fsrm.experiant.ca,,ISTRUZIONI_DECRITTAZIONE.html,,
ransomware note download from fsrm.experiant.ca,,INSTRUCTIONS_DE_DECRYPTAGE.html,,
ransomware note download from fsrm.experiant.ca,,INSTRUCCIONES_DESCIFRADO.html,,
ransomware note download from fsrm.experiant.ca,,INSTALL_TOR.URL,,
ransomware note download from fsrm.experiant.ca,,IMPORTANT.README,,
ransomware note download from fsrm.experiant.ca,,IMPORTANT READ ME.txt,,
ransomware note download from fsrm.experiant.ca,,Howto_RESTORE_FILES.html,,
ransomware note download from fsrm.experiant.ca,,How to decrypt your data.txt,,
ransomware note download from fsrm.experiant.ca,,How to decrypt LeChiffre files.html,,
ransomware note download from fsrm.experiant.ca,,Help Decrypt.html,,
ransomware note download from fsrm.experiant.ca,,Hacked_Read_me_to_decrypt_files.html,,
ransomware note download from fsrm.experiant.ca,,HOW_TO_UNLOCK_FILES_README_*.txt,,
ransomware note download from fsrm.experiant.ca,,HOW_TO_RESTORE_FILES.html,,
ransomware note download from fsrm.experiant.ca,,HOW_DECRYPT.URL,,
ransomware note download from fsrm.experiant.ca,,HOW_DECRYPT.TXT,,
ransomware note download from fsrm.experiant.ca,,HOW_DECRYPT.HTML,,
ransomware note download from fsrm.experiant.ca,,HOWTO_RECOVER_FILES_*.*,,
ransomware note download from fsrm.experiant.ca,,HOW TO DECRYPT FILES.txt,,
ransomware note download from fsrm.experiant.ca,,HELP_YOUR_FILES.html,,
ransomware note download from fsrm.experiant.ca,,HELP_YOUR_FILES.PNG,,
ransomware note download from fsrm.experiant.ca,,HELP_TO_SAVE_FILES.bmp,,
ransomware note download from fsrm.experiant.ca,,HELP_RESTORE_FILES_*.*,,
ransomware note download from fsrm.experiant.ca,,HELP_DECRYPT.URL,,
ransomware note download from fsrm.experiant.ca,,HELP_DECRYPT.PNG,,
ransomware note download from fsrm.experiant.ca,,HELP_DECRYPT.HTML,,
ransomware note download from fsrm.experiant.ca,,GetYouFiles.txt,,
ransomware note download from fsrm.experiant.ca,,File Decrypt Help.html,,
ransomware note download from fsrm.experiant.ca,,FILES_BACK.txt,,
ransomware note download from fsrm.experiant.ca,,ENTSCHLUSSELN_HINWEISE.html,,
ransomware note download from fsrm.experiant.ca,,DecryptAllFiles*.txt,,
ransomware note download from fsrm.experiant.ca,,DESIFROVANI_POKYNY.html,,
ransomware note download from fsrm.experiant.ca,,DECRYPT_YOUR_FILES.txt,,
ransomware note download from fsrm.experiant.ca,,DECRYPT_YOUR_FILES.HTML,,
ransomware note download from fsrm.experiant.ca,,DECRYPT_ReadMe1.TXT,,
ransomware note download from fsrm.experiant.ca,,DECRYPT_INSTRUCTIONS.html,,
ransomware note download from fsrm.experiant.ca,,DECRYPT_INSTRUCTION.URL,,
ransomware note download from fsrm.experiant.ca,,DECRYPT_INSTRUCTION.HTML,,
ransomware note download from fsrm.experiant.ca,,DECRYPTION_HOWTO.Notepad,,
ransomware note download from fsrm.experiant.ca,,Comment débloquer mes fichiers.txt,,
ransomware note download from fsrm.experiant.ca,,BUYUNLOCKCODE.txt,,
ransomware note download from fsrm.experiant.ca,,AllFilesAreLocked*.bmp,,
ransomware note download from fsrm.experiant.ca,,4-14-2016-INFECTION.TXT,,
ransomware note download from fsrm.experiant.ca,,*_ryp,,
ransomware note download from fsrm.experiant.ca,,*_HELP_instructions.html,,
ransomware note download from fsrm.experiant.ca,,*.Where_my_files.txt,,
ransomware note download from fsrm.experiant.ca,,*.Read_Me.Txt,,
ransomware note download from fsrm.experiant.ca,,*.How_To_Get_Back.txt,,
ransomware note download from fsrm.experiant.ca,,*.How_To_Decrypt.txt,,
ransomware note download from fsrm.experiant.ca,,*.Contact_Here_To_Recover_Your_Files.txt,,
ransomware note download from fsrm.experiant.ca,,# DECRYPT MY FILES #.vbs,,
ransomware note download from fsrm.experiant.ca,,# DECRYPT MY FILES #.txt,,
ransomware note download from fsrm.experiant.ca,,# DECRYPT MY FILES #.html,,
ransomware note download from fsrm.experiant.ca,,!Where_are_my_files!.html,,
ransomware note download from fsrm.experiant.ca,,!!!README!!!*.rtf,,
ransomware note download from fsrm.experiant.ca,,!!!-WARNING-!!!.txt,,
ransomware note download from fsrm.experiant.ca,,!!!-WARNING-!!!.html,,
ransomware note download from fsrm.experiant.ca,,*maestro@pizzacrypts.info,,
ransomware note download from fsrm.experiant.ca,,howtodecryptaesfiles.txt,,
ransomware note download from fsrm.experiant.ca,,!satana!.txt,,
ransomware note download from fsrm.experiant.ca,,!DMALOCK3.0*,,
ransomware note download from fsrm.experiant.ca,,decrypt-instruct*.*,,
ransomware note download from fsrm.experiant.ca,,*files_are_encrypted.*,,
ransomware note download from fsrm.experiant.ca,,*decryptmyfiles*.*,,
ransomware note download from fsrm.experiant.ca,,help_instructions.*,,
ransomware note download from fsrm.experiant.ca,,*-recover-*.*,,
ransomware note download from fsrm.experiant.ca,,de_crypt_readme.*,,
ransomware note download from fsrm.experiant.ca,,*!recover!*.*,,
ransomware note download from fsrm.experiant.ca,,*recover}-*.*,,
ransomware note download from fsrm.experiant.ca,,*rec0ver*.*,,
ransomware note download from fsrm.experiant.ca,,_help_instruct*.*,,
ransomware note download from fsrm.experiant.ca,,*_recover_*.*,,
ransomware note download from fsrm.experiant.ca,,*+recover+*.*,,
ransomware note download from fsrm.experiant.ca,,*warning-!!*.*,,
ransomware note download from fsrm.experiant.ca,,*decrypt my file*.*,,
ransomware note download from fsrm.experiant.ca,,help_file_*.*,,
ransomware note download from fsrm.experiant.ca,,recovery+*.*,,
ransomware note download from fsrm.experiant.ca,,readme_for_decrypt*.*,,
ransomware note download from fsrm.experiant.ca,,install_tor*.*,,
ransomware note download from fsrm.experiant.ca,,readme_decrypt*.*,,
ransomware note download from fsrm.experiant.ca,,howtodecrypt*.*,,
ransomware note download from fsrm.experiant.ca,,howto_restore*.*,,
ransomware note download from fsrm.experiant.ca,,how_to_recover*.*,,
ransomware note download from fsrm.experiant.ca,,how_recover*.*,,
ransomware note download from fsrm.experiant.ca,,how_to_decrypt*.*,,
ransomware note download from fsrm.experiant.ca,,how to decrypt*.*,,
ransomware note download from fsrm.experiant.ca,,help_restore*.*,,
ransomware note download from fsrm.experiant.ca,,help_your_file*.*,,
ransomware note download from fsrm.experiant.ca,,help_recover*.*,,
ransomware note download from fsrm.experiant.ca,,help_decrypt*.*,,
ransomware note download from fsrm.experiant.ca,,decrypt_instruct*.*,,
ransomware note download from fsrm.experiant.ca,,cryptolocker.*,,
ransomware note download from fsrm.experiant.ca,,*recover_instruction*.*,,
ransomware note download from fsrm.experiant.ca,,*gmail*.crypt,,
ransomware note download from fsrm.experiant.ca,,vault.txt,,
ransomware note download from fsrm.experiant.ca,,vault.key,,
ransomware note download from fsrm.experiant.ca,,recovery_key.txt,,
ransomware note download from fsrm.experiant.ca,,vault.hta,,
ransomware note download from fsrm.experiant.ca,,message.txt,,
ransomware note download from fsrm.experiant.ca,,recovery_file.txt,,
ransomware note download from fsrm.experiant.ca,,confirmation.key,,
ransomware note download from fsrm.experiant.ca,,enc_files.txt,,
ransomware note download from fsrm.experiant.ca,,last_chance.txt,,
ransomware note download from fsrm.experiant.ca,,*want your files back.*,,
ransomware note download from fsrm.experiant.ca,,*help_restore*.*,,
ransomware note download from fsrm.experiant.ca,,*how_to_recover*.*,,
ransomware note download from fsrm.experiant.ca,,*restore_fi*.*,,
ransomware note download from fsrm.experiant.ca,,*ukr.net*,,
ransomware note download from fsrm.experiant.ca,,*qq_com*,,
ransomware note download from fsrm.experiant.ca,,*keemail.me*,,
ransomware note download from fsrm.experiant.ca,,*decipher*,,
ransomware note download from fsrm.experiant.ca,,*install_tor*.*,,
ransomware note download from fsrm.experiant.ca,,*@india.com*,,
ransomware note download from fsrm.experiant.ca,,*@gmail_com_*,,
ransomware note download from fsrm.experiant.ca,,_Locky_recover_instructions.txt,,
ransomware note download from fsrm.experiant.ca,,help_recover_instructions+*.txt,,
ransomware note download from fsrm.experiant.ca,,recoverfile*.txt,,
ransomware note download from fsrm.experiant.ca,,Howto_Restore_FILES.TXT,,
ransomware note download from fsrm.experiant.ca,,recoveryfile*.txt,,
ransomware note download from fsrm.experiant.ca,,_how_recover.txt,,
ransomware note download from fsrm.experiant.ca,,howrecover+*.txt,,
ransomware note download from fsrm.experiant.ca,,restorefiles.txt,,
ransomware note download from fsrm.experiant.ca,,howto_recover_file.txt,,
ransomware note download from fsrm.experiant.ca,,HowtoRESTORE_FILES.txt,,
ransomware note download from fsrm.experiant.ca,,RECOVERY_FILE*.txt,,
ransomware note download from fsrm.experiant.ca,,RECOVERY_FILES.txt,,
ransomware note download from fsrm.experiant.ca,,help_decrypt_your_files.html,,
ransomware note download from fsrm.experiant.ca,,HELPDECYPRT_YOUR_FILES.HTML,,
ransomware note download from fsrm.experiant.ca,,IHAVEYOURSECRET.KEY,,
ransomware note download from fsrm.experiant.ca,,SECRET.KEY,,
ransomware note download from fsrm.experiant.ca,,SECRETIDHERE.KEY,,
ransomware note download from fsrm.experiant.ca,,READTHISNOW!!!.TXT,,
ransomware note download from fsrm.experiant.ca,,IAMREADYTOPAY.TXT,,
ransomware note download from fsrm.experiant.ca,,HELLOTHERE.TXT,,
ransomware note download from fsrm.experiant.ca,,FILESAREGONE.TXT,,
ransomware note download from fsrm.experiant.ca,,DECRYPT_ReadMe.TXT,,
ransomware note download from fsrm.experiant.ca,,Read.txt,,
ransomware note download from fsrm.experiant.ca,,About_Files.txt,,
ransomware note download from fsrm.experiant.ca,,_secret_code.txt,,
ransomware note download from fsrm.experiant.ca,,ReadDecryptFilesHere.txt,,
ransomware note download from fsrm.experiant.ca,,Coin.Locker.txt,,
ransomware note download from fsrm.experiant.ca,,HOW_TO_DECRYPT_FILES.TXT,,
ransomware note download from fsrm.experiant.ca,,DECRYPT_INSTRUCTION.TXT,,
ransomware note download from fsrm.experiant.ca,,encryptor_raas_readme_liesmich.txt,,
ransomware note download from fsrm.experiant.ca,,Help_Decrypt.txt,,
ransomware note download from fsrm.experiant.ca,,YOUR_FILES.url,,
ransomware note download from fsrm.experiant.ca,,How_To_Recover_Files.txt,,
ransomware note download from fsrm.experiant.ca,,YOUR_FILES.HTML,,
ransomware note download from fsrm.experiant.ca,,INSTRUCCIONES_DESCIFRADO.TXT,,
ransomware note download from fsrm.experiant.ca,,DECRYPT_INSTRUCTIONS.TXT,,
ransomware note download from fsrm.experiant.ca,,HELP_TO_SAVE_FILES.txt,,
ransomware note download from fsrm.experiant.ca,,DecryptAllFiles.txt,,
ransomware note download from fsrm.experiant.ca,,HELP_RECOVER_FILES.txt,,
ransomware note download from fsrm.experiant.ca,,HELP_RESTORE_FILES.txt,,
ransomware note download from fsrm.experiant.ca,,HELP_TO_DECRYPT_YOUR_FILES.txt,,
ransomware note download from fsrm.experiant.ca,,HELP_YOUR_FILES.TXT,,
ransomware note download from fsrm.experiant.ca,,HELPDECRYPT.TXT,,
ransomware note download from fsrm.experiant.ca,,oor.*,,
ransomware note download from fsrm.experiant.ca,,_ryp,,
